id,first_name,last_name
1,Ahmed,Mahmoud
2,Mohamed,Hassan
3,Mahmoud,Abdullah
4,Youssef,Kamal
5,Khaled,Ibrahim
6,Omar,Farouk
7,Ali,Mostafa
8,Hassan,Sayed
9,Ibrahim,Rashad
10,Tarek,Nasser
11,Amr,Hamdi
12,Hany,Salem
13,Sayed,Attia
14,Samir,Badr
15,Fouad,Adel
16,Kamal,Gaber
17,Reda,Sabry
18,Ashraf,Mansour
19,Gamal,Naguib
20,Magdy,Salem
21,Ramy,Saad
22,Wael,Hamdy
23,Hamdy,Zaki
24,Nasr,Elsayed
25,Saad,Khalil
26,Mansour,Adel
27,Sabry,Naeem
28,Naeem,Reda
29,Khalil,Wael
30,Zaki,Magdy
31,Elsayed,Ramy
32,Hamdy,Gamal
33,Naguib,Mansour
34,Salem,Saad
35,Kamal,Hamdy
36,Adel,Wael
37,Saad,Sabry
38,Nasser,Nasr
39,Mostafa,Khalil
40,Rashad,Zaki
41,Badr,Elsayed
42,Farouk,Hamdy
43,Ibrahim,Naguib
44,Tarek,Salem
45,Amr,Kamal
46,Hany,Adel
47,Sayed,Saad
48,Samir,Nasser
49,Fouad,Mostafa
50,Khaled,Rashad
51,Omar,Badr
52,Ali,Farouk
53,Hassan,Ibrahim
54,Youssef,Tarek
55,Mahmoud,Amr
56,Mohamed,Hany
57,Ahmed,Sayed
58,Kamal,Samir
59,Reda,Fouad
60,Ashraf,Khaled
61,Gamal,Omar
62,Magdy,Ali
63,Ramy,Hassan
64,Wael,Youssef
65,Hamdy,Mahmoud
66,Nasr,Mohamed
67,Saad,Ahmed
68,Mansour,Kamal
69,Sabry,Reda
70,Naeem,Ashraf
71,Khalil,Gamal
72,Zaki,Magdy
73,Elsayed,Ramy
74,Hamdy,Wael
75,Naguib,Hamdy
76,Salem,Nasr
77,Kamal,Saad
78,Adel,Mansour
79,Saad,Sabry
80,Nasser,Naeem
81,Mostafa,Khalil
82,Rashad,Zaki
83,Badr,Elsayed
84,Farouk,Hamdy
85,Ibrahim,Naguib
86,Tarek,Salem
87,Amr,Kamal
88,Hany,Adel
89,Sayed,Saad
90,Samir,Nasser
91,Fouad,Mostafa
92,Khaled,Rashad
93,Omar,Badr
94,Ali,Farouk
95,Hassan,Ibrahim
96,Youssef,Tarek
97,Mahmoud,Amr
98,Mohamed,Hany
99,Ahmed,Sayed
100,Kamal,Samir
101,Reda,Fouad
102,Ashraf,Khaled
103,Gamal,Omar
104,Magdy,Ali
105,Ramy,Hassan
106,Wael,Youssef
107,Hamdy,Mahmoud
108,Nasr,Mohamed
109,Saad,Ahmed
110,Mansour,Kamal
111,Sabry,Reda
112,Naeem,Ashraf
113,Khalil,Gamal
114,Zaki,Magdy
115,Elsayed,Ramy
116,Hamdy,Wael
117,Naguib,Hamdy
118,Salem,Nasr
119,Kamal,Saad
120,Adel,Mansour
121,Saad,Sabry
122,Nasser,Naeem
123,Mostafa,Khalil
124,Rashad,Zaki
125,Badr,Elsayed
126,Farouk,Hamdy
127,Ibrahim,Naguib
128,Tarek,Salem
129,Amr,Kamal
130,Hany,Adel
131,Sayed,Saad
132,Samir,Nasser
133,Fouad,Mostafa
134,Khaled,Rashad
135,Omar,Badr
136,Ali,Farouk
137,Hassan,Ibrahim
138,Youssef,Tarek
139,Mahmoud,Amr
140,Mohamed,Hany
141,Ahmed,Sayed
142,Kamal,Samir
143,Reda,Fouad
144,Ashraf,Khaled
145,Gamal,Omar
146,Magdy,Ali
147,Ramy,Hassan
148,Wael,Youssef
149,Hamdy,Mahmoud
150,Nasr,Mohamed
151,Saad,Ahmed
152,Mansour,Kamal
153,Sabry,Reda
154,Naeem,Ashraf
155,Khalil,Gamal
156,Zaki,Magdy
157,Elsayed,Ramy
158,Hamdy,Wael
159,Naguib,Hamdy
160,Salem,Nasr
161,Kamal,Saad
162,Adel,Mansour
163,Saad,Sabry
164,Nasser,Naeem
165,Mostafa,Khalil
166,Rashad,Zaki
167,Badr,Elsayed
168,Farouk,Hamdy
169,Ibrahim,Naguib
170,Tarek,Salem
171,Amr,Kamal
172,Hany,Adel
173,Sayed,Saad
174,Samir,Nasser
175,Fouad,Mostafa
176,Khaled,Rashad
177,Omar,Badr
178,Ali,Farouk
179,Hassan,Ibrahim
180,Youssef,Tarek
181,Mahmoud,Amr
182,Mohamed,Hany
183,Ahmed,Sayed
184,Kamal,Samir
185,Reda,Fouad
186,Ashraf,Khaled
187,Gamal,Omar
188,Magdy,Ali
189,Ramy,Hassan
190,Wael,Youssef
191,Hamdy,Mahmoud
192,Nasr,Mohamed
193,Saad,Ahmed
194,Mansour,Kamal
195,Sabry,Reda
196,Naeem,Ashraf
197,Khalil,Gamal
198,Zaki,Magdy
199,Elsayed,Ramy
200,Hamdy,Wael
