PlayerName,Branch,Game,Rank,Income,Gender,Certificates,Age,JoinDate,MembershipType,PerformanceScore,Attendance
Juan Cobb,Giza,Swimming,Semi-Pro,8716,Female,6,27,2025-01-28,VIP,95,81
Julie Green,Cairo,Football,Junior,3001,Male,12,19,2021-11-17,Gold,60,74
Craig Smith,Alexandria,Football,Captain,30576,Female,13,34,2022-10-27,Standard,66,97
Marcus Lyons,Alexandria,Tennis,Captain,30287,Male,10,35,2023-11-26,Gold,72,88
Mia Aguilar,Giza,Volleyball,Junior,635,Male,2,15,2025-03-30,Gold,86,78
Jennifer Taylor,Luxor,Volleyball,Junior,2161,Male,2,17,2025-02-27,Platinum,97,82
Jennifer Jones,Luxor,Tennis,Junior,3076,Male,9,17,2025-03-19,Platinum,71,77
Ashley Porter,Hurghada,Tennis,Amateur,5300,Male,14,23,2021-03-20,Standard,92,65
Alan Reyes,Alexandria,Squash,Amateur,3421,Male,8,18,2023-05-01,Gold,81,70
Sarah Murray,Hurghada,Swimming,Amateur,5335,Male,13,21,2020-10-20,VIP,59,61
Maria Schmidt,Hurghada,Basketball,Captain,29142,Male,11,35,2022-01-08,Standard,73,86
Sara Stephens,Cairo,Swimming,Junior,3505,Female,4,16,2020-12-19,Platinum,74,85
Wesley Fry,Alexandria,Swimming,Semi-Pro,9790,Female,1,28,2023-03-02,VIP,63,92
Kenneth Cox,Cairo,Volleyball,Junior,855,Male,13,16,2024-09-05,Platinum,62,67
Brian Diaz,Cairo,Volleyball,Amateur,4731,Male,7,18,2020-07-09,Platinum,98,89
Christian Jordan,Luxor,Swimming,Junior,1755,Female,11,18,2021-10-09,Gold,90,66
Samantha Cook,Alexandria,Swimming,Semi-Pro,8055,Male,12,32,2020-07-25,Gold,81,92
Timothy Herman,Luxor,Football,Amateur,5085,Female,11,23,2022-02-21,Platinum,81,78
Erik Rivera,Hurghada,Volleyball,Junior,1406,Male,8,15,2022-01-26,Gold,68,60
Jean Grant,Cairo,Football,Professional,15287,Male,10,30,2024-04-28,Platinum,53,76
Karen Garcia,Alexandria,Squash,Amateur,2995,Female,8,25,2025-04-30,Platinum,93,83
Kristine Frazier,Alexandria,Squash,Junior,1759,Male,9,17,2025-04-23,Standard,75,94
Alec Mcdonald,Aswan,Tennis,Junior,3195,Male,5,15,2021-05-09,VIP,56,97
Andrea Ramirez,Hurghada,Tennis,Semi-Pro,9045,Male,15,29,2020-06-15,Gold,95,79
Austin Davis,Cairo,Basketball,Amateur,2658,Female,1,23,2020-12-08,Platinum,96,73
Olivia Williams,Luxor,Football,Semi-Pro,6692,Female,1,30,2021-11-07,Gold,86,89
Michele Hicks,Hurghada,Football,Captain,27483,Male,2,34,2021-09-07,Standard,78,94
Richard Crawford,Cairo,Basketball,Semi-Pro,7699,Female,5,26,2023-03-14,Standard,79,83
Andrew Davis,Cairo,Tennis,Professional,15891,Male,3,23,2022-03-02,Gold,51,85
Crystal Johnson,Hurghada,Volleyball,Professional,16880,Male,14,22,2022-08-27,Gold,72,79
David Soto,Hurghada,Squash,Semi-Pro,6177,Female,12,29,2021-03-08,Platinum,93,82
Michael Hahn,Aswan,Basketball,Amateur,2802,Male,3,20,2020-07-30,Platinum,50,72
Mark Frazier,Aswan,Volleyball,Junior,1540,Female,11,17,2025-01-09,Standard,73,62
Douglas Cooley,Luxor,Football,Professional,17745,Male,2,35,2021-10-22,Gold,68,71
Jacob Lin,Cairo,Squash,Professional,15810,Male,15,34,2021-03-28,Gold,69,80
Casey Collins,Alexandria,Tennis,Junior,1069,Male,2,18,2020-07-24,VIP,96,95
Kenneth Turner,Alexandria,Squash,Semi-Pro,7318,Female,3,36,2020-05-05,Gold,66,63
Ryan Flowers,Hurghada,Volleyball,Professional,15142,Female,4,37,2022-07-04,Gold,81,96
Lisa Lawrence,Hurghada,Squash,Captain,30900,Female,9,28,2022-09-27,Gold,98,78
Phillip Wilson,Giza,Squash,Captain,27882,Male,7,28,2021-12-04,Platinum,84,90
Sharon Ferguson,Hurghada,Tennis,Captain,29795,Female,10,35,2024-01-17,Standard,94,97
Stephanie Sullivan,Cairo,Swimming,Captain,30382,Male,12,24,2025-01-21,Standard,97,63
Jennifer Duke,Giza,Swimming,Semi-Pro,8466,Male,6,36,2024-03-18,Standard,72,84
Kimberly Morrison,Luxor,Tennis,Amateur,3272,Female,15,22,2020-09-24,Standard,52,92
Maureen Gibson,Luxor,Basketball,Captain,28754,Female,1,31,2020-05-10,Gold,68,68
Paul Gibbs,Giza,Swimming,Amateur,5592,Female,9,22,2020-05-27,Platinum,92,91
Brittany Stewart,Giza,Football,Amateur,2871,Female,8,24,2023-12-07,Platinum,93,95
Angela Franklin,Aswan,Football,Captain,27351,Female,4,24,2020-09-18,Standard,74,64
Tony Casey,Giza,Tennis,Junior,3794,Male,0,19,2022-04-21,Platinum,72,81
Erika Townsend,Cairo,Volleyball,Professional,17343,Female,8,30,2023-07-04,Gold,93,72
Rhonda Ortega,Alexandria,Tennis,Professional,16638,Male,3,22,2025-01-17,VIP,51,66
Courtney Callahan,Cairo,Football,Captain,30718,Male,4,34,2023-03-20,Gold,57,95
Amber May,Alexandria,Football,Professional,16601,Male,9,26,2020-08-28,Gold,82,95
Ashley Moore,Giza,Football,Professional,17689,Male,4,22,2020-03-25,Platinum,89,96
Cheryl Martin,Alexandria,Basketball,Captain,27036,Female,7,27,2025-08-07,Platinum,64,77
Rebecca Williams,Luxor,Volleyball,Professional,16297,Female,1,25,2022-01-22,Gold,98,90
Kim Houston,Giza,Squash,Semi-Pro,7846,Female,2,22,2020-04-17,VIP,63,62
Charles Avery MD,Alexandria,Football,Amateur,4790,Female,12,21,2024-02-20,Gold,65,64
Austin Jones,Giza,Volleyball,Captain,30877,Male,6,29,2021-05-23,Platinum,89,97
Brandon Yoder,Hurghada,Volleyball,Junior,778,Female,8,14,2023-02-28,Gold,63,65
Dylan Perez,Hurghada,Tennis,Junior,1989,Male,2,15,2024-01-22,Gold,91,89
Jeffery Blair,Alexandria,Swimming,Junior,1539,Female,9,17,2022-04-28,VIP,79,70
Roger Bruce,Luxor,Tennis,Professional,15058,Female,0,23,2020-10-04,Platinum,54,83
Martha Austin MD,Alexandria,Football,Captain,28497,Female,4,23,2025-08-14,Platinum,88,96
Sandy Williams,Aswan,Basketball,Semi-Pro,7716,Male,5,36,2025-05-22,Standard,97,60
Scott Forbes,Aswan,Football,Junior,1344,Male,8,16,2023-06-28,Gold,83,71
Andrea Kramer,Luxor,Football,Junior,737,Female,8,17,2024-08-22,VIP,90,82
Kara Ramos,Alexandria,Basketball,Captain,28212,Male,1,31,2023-06-28,Gold,94,69
Kenneth Hanson,Giza,Swimming,Professional,17417,Female,14,26,2022-01-18,Gold,53,80
Mary Cunningham,Hurghada,Swimming,Amateur,4120,Female,11,20,2025-07-05,Platinum,67,83
Joseph Norris,Cairo,Squash,Junior,2959,Male,6,19,2024-03-05,Standard,76,76
John Jones,Luxor,Swimming,Junior,2859,Male,14,16,2020-10-31,VIP,51,97
Mark Ruiz,Cairo,Volleyball,Captain,28117,Male,4,37,2021-08-07,Gold,77,95
Thomas Lloyd,Aswan,Squash,Amateur,3300,Female,1,22,2023-12-15,Gold,65,72
Lauren Hughes,Hurghada,Football,Amateur,2344,Female,2,23,2025-02-10,Standard,75,73
David Henderson,Giza,Basketball,Professional,16847,Male,8,22,2021-12-14,VIP,52,96
Jessica Johnson,Giza,Football,Semi-Pro,8574,Male,0,37,2022-09-05,Platinum,86,70
Michael Mahoney,Cairo,Football,Junior,219,Male,3,19,2024-01-10,Platinum,63,90
Jamie Holmes,Hurghada,Volleyball,Junior,1078,Male,7,17,2020-10-17,VIP,95,71
Breanna Harris,Luxor,Tennis,Captain,28585,Female,5,29,2024-07-27,VIP,65,77
Jessica Williams,Hurghada,Swimming,Professional,16670,Female,8,25,2023-03-08,VIP,54,94
Angel Stephens,Cairo,Tennis,Junior,1433,Male,6,15,2023-11-06,Standard,84,95
Shannon Howell,Cairo,Swimming,Captain,27366,Female,4,34,2024-03-28,Gold,86,81
Jennifer Maxwell,Aswan,Basketball,Amateur,3349,Male,10,25,2021-06-21,Platinum,84,74
Lauren Henry,Aswan,Tennis,Semi-Pro,9218,Male,3,36,2022-12-25,Standard,79,93
Ariana Brooks,Alexandria,Squash,Captain,28129,Male,15,31,2023-07-16,Platinum,77,76
Amy Howard,Giza,Squash,Captain,29199,Male,8,28,2021-09-15,Gold,81,85
Stephen Powers,Aswan,Squash,Semi-Pro,7196,Male,11,36,2025-06-07,VIP,93,70
Kristin Lewis,Giza,Volleyball,Professional,14366,Female,6,37,2021-11-03,Gold,83,86
Timothy Jackson,Hurghada,Volleyball,Captain,27824,Male,6,38,2022-08-17,VIP,86,75
Don Beck,Aswan,Squash,Amateur,5361,Male,7,25,2025-10-20,Standard,75,97
Tammy Reed,Giza,Swimming,Amateur,2050,Female,6,22,2025-10-07,Standard,62,97
Eric Banks,Hurghada,Swimming,Amateur,3427,Female,14,23,2022-08-30,Gold,87,97
Sean Smith,Luxor,Swimming,Amateur,2118,Male,7,20,2021-06-14,Gold,56,86
Cheryl Mendez,Aswan,Volleyball,Professional,16827,Male,8,31,2022-05-22,Gold,77,97
Kristin Jones,Luxor,Tennis,Professional,16839,Male,6,23,2023-04-14,Standard,97,63
Sara Duncan,Giza,Tennis,Amateur,2948,Male,6,20,2025-01-24,VIP,92,70
Peter Robinson,Cairo,Tennis,Junior,297,Female,15,15,2022-07-28,Platinum,87,95
Katherine Allen,Aswan,Football,Semi-Pro,6085,Male,1,32,2025-10-11,VIP,73,60
Jill Pierce,Giza,Swimming,Semi-Pro,6236,Male,0,26,2022-03-16,VIP,83,69
Alexander Gardner,Cairo,Squash,Semi-Pro,9456,Female,2,37,2024-11-01,Gold,70,94
Angela Larsen,Giza,Volleyball,Junior,1370,Male,10,14,2020-05-13,Gold,79,92
Anita Wilkinson,Luxor,Volleyball,Semi-Pro,6026,Male,7,38,2023-03-19,Gold,90,69
Gloria Wiggins,Luxor,Football,Professional,17214,Female,15,24,2021-04-01,Platinum,65,94
Sara Stone,Giza,Tennis,Professional,14615,Female,11,24,2024-04-10,Standard,92,96
Julie Houston,Alexandria,Football,Professional,15299,Male,6,22,2023-02-02,Standard,64,72
Brooke Holland,Luxor,Tennis,Amateur,5574,Female,4,20,2022-02-11,VIP,62,97
Kayla Vega,Aswan,Tennis,Semi-Pro,8296,Male,3,24,2024-09-16,VIP,50,80
Heidi Guzman,Hurghada,Tennis,Captain,30146,Male,6,38,2023-05-14,Standard,83,62
Rachel Hampton,Giza,Basketball,Professional,16660,Male,12,35,2023-01-06,Platinum,55,93
Daniel Michael,Cairo,Basketball,Junior,1819,Female,10,16,2025-06-28,Platinum,94,71
Linda Reynolds,Cairo,Swimming,Amateur,4014,Female,4,23,2023-11-14,Standard,85,70
Sharon Miller,Giza,Swimming,Amateur,5488,Female,4,19,2023-08-18,Standard,54,64
Dr. Gary Hernandez Jr.,Luxor,Squash,Junior,1108,Female,14,18,2020-06-26,Standard,74,64
Tiffany Sullivan,Luxor,Football,Semi-Pro,6411,Female,5,27,2022-08-09,Gold,51,97
Eric Reid,Hurghada,Football,Semi-Pro,9896,Male,0,38,2022-04-05,Gold,91,78
Joseph White,Aswan,Basketball,Junior,3903,Male,7,14,2022-03-07,Gold,85,77
Timothy Kline,Giza,Basketball,Professional,15045,Female,8,23,2022-08-15,Platinum,93,82
Kelli Jones,Cairo,Tennis,Junior,3449,Male,3,18,2021-07-18,Gold,100,99
Sydney Hooper,Hurghada,Basketball,Amateur,3941,Male,8,22,2025-03-03,VIP,63,61
Tyrone Smith,Cairo,Volleyball,Junior,1671,Female,4,16,2025-05-03,VIP,50,63
James Barber,Hurghada,Squash,Captain,30637,Male,12,29,2020-06-11,Platinum,71,74
John Silva,Alexandria,Football,Amateur,3521,Male,5,18,2024-04-21,Gold,75,81
Peter Castro,Giza,Tennis,Junior,774,Male,3,17,2020-03-07,Standard,68,77
Robert Foley,Hurghada,Swimming,Professional,15323,Female,1,34,2025-08-28,Platinum,62,68
Kenneth Thompson,Aswan,Basketball,Semi-Pro,9562,Female,1,23,2024-01-25,Gold,56,73
Rachel Hayes,Luxor,Squash,Amateur,5496,Male,1,18,2020-01-26,Gold,96,98
Jamie Schultz,Aswan,Football,Professional,15778,Female,6,38,2022-04-06,Gold,80,63
Michael Mcpherson,Aswan,Tennis,Junior,1015,Female,4,17,2025-02-26,Standard,57,64
Joshua Lang,Hurghada,Squash,Junior,1318,Female,3,19,2023-05-06,Platinum,54,82
Traci Moreno,Luxor,Squash,Junior,770,Female,5,15,2024-10-05,Gold,54,100
Savannah Ramirez,Hurghada,Squash,Professional,15551,Male,15,36,2022-03-19,Platinum,56,82
Christine Brooks,Luxor,Squash,Semi-Pro,9189,Female,15,27,2023-10-06,Platinum,95,89
Christopher Carlson,Giza,Football,Captain,28368,Female,15,36,2023-10-01,Gold,94,91
Manuel Mccoy,Giza,Basketball,Professional,16038,Female,15,27,2024-11-02,VIP,90,75
Christine Watson,Luxor,Swimming,Professional,16582,Female,13,23,2020-12-24,Gold,76,99
Thomas Martin,Hurghada,Tennis,Semi-Pro,7214,Female,0,25,2021-02-23,Platinum,58,100
Mr. Roger Murphy DVM,Luxor,Squash,Junior,893,Male,13,19,2023-12-22,Gold,51,100
Antonio Steele,Aswan,Tennis,Professional,16048,Male,8,22,2023-03-24,VIP,67,94
Amy Vasquez,Luxor,Squash,Amateur,4911,Male,12,19,2023-06-01,Gold,90,90
Lindsey Miller,Hurghada,Squash,Professional,15483,Male,4,24,2024-11-22,Platinum,70,81
Thomas Ward,Hurghada,Basketball,Semi-Pro,6938,Male,2,35,2025-07-05,Platinum,72,67
Robert Webb,Luxor,Tennis,Semi-Pro,7403,Male,11,25,2025-03-22,Standard,69,98
Jeffrey Olson,Alexandria,Basketball,Semi-Pro,7760,Female,2,32,2022-08-02,VIP,71,72
Tara Williams,Alexandria,Volleyball,Junior,1524,Male,2,19,2024-04-14,Platinum,84,76
Brian Mcfarland,Luxor,Football,Captain,27731,Male,7,38,2025-07-28,VIP,61,87
Jeremy Winters Jr.,Cairo,Volleyball,Junior,3534,Female,0,15,2023-02-22,Gold,85,91
John Garcia,Cairo,Swimming,Junior,1749,Female,8,17,2025-08-18,Platinum,77,91
Christopher Smith,Luxor,Football,Junior,1181,Male,5,18,2025-08-15,Platinum,87,72
Hannah Raymond,Aswan,Basketball,Captain,30401,Male,14,38,2021-11-25,Standard,61,77
Monica Williams,Aswan,Tennis,Captain,29295,Male,7,29,2021-02-23,Standard,97,84
Edward Ortiz,Hurghada,Basketball,Captain,29026,Female,11,22,2022-04-21,Gold,72,100
Gregory Bolton,Hurghada,Squash,Captain,28530,Female,13,27,2021-11-06,Platinum,82,87
Nicole Adams,Giza,Squash,Amateur,5047,Female,15,24,2023-09-20,VIP,78,91
Steve Stanley,Hurghada,Basketball,Professional,17203,Female,12,27,2024-09-23,VIP,70,97
Evelyn Wiley,Aswan,Squash,Professional,15561,Male,5,23,2022-11-08,Standard,87,73
Justin Cline,Alexandria,Swimming,Professional,14560,Male,6,33,2024-10-09,Standard,99,97
Stephanie Marshall,Alexandria,Squash,Semi-Pro,9882,Female,14,36,2023-07-07,Gold,73,66
Chris Anderson,Luxor,Squash,Amateur,5344,Male,7,25,2024-01-23,VIP,62,94
Matthew Bentley,Cairo,Volleyball,Captain,27470,Female,13,24,2024-08-30,Standard,60,69
Angelica Bentley,Giza,Basketball,Junior,2743,Female,4,16,2021-12-06,Gold,96,76
Rebecca White,Hurghada,Swimming,Professional,16464,Male,6,31,2025-04-13,Standard,60,73
Michelle Melton,Luxor,Swimming,Professional,15470,Female,10,34,2023-06-09,Platinum,66,62
Michelle Aguilar,Luxor,Basketball,Semi-Pro,9085,Female,2,36,2025-10-31,Gold,83,77
Michael Ortega,Cairo,Squash,Semi-Pro,7545,Female,1,22,2024-07-29,Standard,62,70
Lisa Wilkins,Giza,Basketball,Captain,29096,Male,5,34,2020-04-22,VIP,73,73
Andrew Williams,Cairo,Squash,Professional,16402,Female,4,25,2024-08-09,Gold,86,100
Justin Barrett,Luxor,Football,Junior,1243,Female,6,15,2021-12-07,Standard,73,89
Sarah Dixon,Hurghada,Basketball,Captain,27834,Female,5,34,2025-01-09,Standard,52,68
Sarah Hill DDS,Luxor,Swimming,Semi-Pro,9022,Female,10,33,2021-05-22,VIP,88,71
Lisa Burton,Giza,Football,Captain,27080,Female,5,22,2024-01-19,Standard,50,88
Nathan Phillips,Alexandria,Swimming,Professional,14215,Male,15,32,2022-04-21,Gold,78,90
Lauren Peters,Alexandria,Swimming,Professional,15590,Female,1,22,2021-02-10,Gold,100,73
Elizabeth King,Cairo,Tennis,Professional,15094,Female,7,24,2021-07-17,Gold,84,78
Joseph Harris,Aswan,Squash,Semi-Pro,7871,Female,12,38,2022-04-22,Standard,80,96
Robert Martinez,Alexandria,Swimming,Amateur,5789,Male,6,25,2024-08-23,Gold,84,71
Melody Turner,Giza,Basketball,Amateur,4853,Female,5,22,2022-07-07,VIP,88,72
Lisa Harris,Aswan,Swimming,Junior,264,Female,14,14,2025-10-21,Gold,52,62
Jason Kirby,Cairo,Swimming,Semi-Pro,6215,Male,10,27,2024-08-02,Gold,95,88
Mercedes Harris,Luxor,Tennis,Semi-Pro,7305,Male,0,35,2020-12-05,Platinum,60,77
Michelle Stevens,Luxor,Volleyball,Junior,3025,Male,14,19,2023-09-09,Standard,64,89
Tracey Flynn,Luxor,Volleyball,Junior,2370,Male,10,16,2022-02-02,Gold,70,100
Eric Warren,Alexandria,Swimming,Captain,28010,Male,11,33,2022-11-11,Gold,65,97
Natasha Murphy,Luxor,Football,Professional,16067,Female,9,38,2022-12-28,VIP,87,83
Sheila Williams,Alexandria,Basketball,Semi-Pro,8311,Male,6,27,2025-03-19,Platinum,63,66
Meredith Warner,Hurghada,Volleyball,Amateur,2012,Male,5,23,2024-07-20,Standard,88,96
David Palmer,Hurghada,Basketball,Semi-Pro,8556,Female,1,38,2022-04-29,Gold,70,87
Michael Smith,Luxor,Swimming,Professional,17092,Male,13,27,2023-06-10,VIP,88,91
Jennifer Reed,Aswan,Basketball,Semi-Pro,8343,Male,0,29,2020-06-18,Gold,90,93
Suzanne Lucero,Hurghada,Tennis,Semi-Pro,6183,Male,12,28,2022-05-14,Platinum,54,70
Pamela Ortiz,Luxor,Basketball,Captain,29886,Male,4,25,2023-01-12,Gold,69,89
Ryan Jones,Alexandria,Basketball,Captain,29767,Male,7,23,2021-02-21,Platinum,63,67
Karen Tucker,Alexandria,Volleyball,Professional,14419,Male,7,24,2023-05-20,VIP,59,66
Cathy Reid,Luxor,Tennis,Amateur,4450,Male,14,23,2024-03-02,Standard,97,83
Cody Foster,Cairo,Tennis,Amateur,4010,Female,8,20,2025-10-02,Standard,59,85
Sharon Boyer,Cairo,Squash,Professional,15964,Female,8,34,2022-06-27,Gold,70,86
Sarah Lambert,Luxor,Volleyball,Semi-Pro,7172,Female,13,38,2023-10-03,Standard,50,70
Heidi Blackburn,Aswan,Volleyball,Junior,3565,Male,8,18,2025-03-12,Standard,67,93
Matthew Rollins,Luxor,Football,Professional,17412,Male,5,30,2020-07-10,VIP,60,79
Lisa Sandoval,Hurghada,Squash,Professional,15666,Female,12,23,2025-02-03,Standard,63,61
Mr. Zachary Forbes DVM,Alexandria,Football,Semi-Pro,8913,Female,3,37,2020-08-09,Standard,75,89
Dan Smith,Giza,Basketball,Professional,17266,Female,6,29,2023-02-07,Standard,88,87
Tonya Williams,Alexandria,Football,Junior,1754,Female,8,18,2024-09-29,Platinum,50,93
Jesse Davis,Luxor,Swimming,Semi-Pro,6604,Female,15,24,2024-10-02,Gold,83,97
Andrew Taylor,Giza,Swimming,Professional,15283,Female,6,38,2021-10-22,Platinum,57,97
Christopher Hughes,Giza,Football,Amateur,4700,Male,2,25,2020-11-15,Gold,60,100
Edward Page,Alexandria,Volleyball,Amateur,4378,Male,7,21,2025-04-02,Gold,94,88
Derek Kelly,Alexandria,Squash,Captain,28336,Female,6,35,2024-01-30,VIP,82,92
Ashley Moody,Cairo,Basketball,Captain,28938,Male,14,30,2023-11-14,VIP,82,100
Patricia Reynolds,Hurghada,Football,Captain,28757,Female,9,34,2020-03-16,Gold,83,96
Krista Mora,Luxor,Swimming,Professional,15189,Female,5,23,2021-05-07,VIP,72,73
Joshua Diaz,Giza,Football,Junior,1584,Male,6,14,2021-10-01,Platinum,58,71
Linda Stewart,Alexandria,Tennis,Junior,916,Male,14,14,2020-06-13,Gold,53,97
Robert Livingston,Giza,Tennis,Amateur,4828,Male,1,22,2021-07-14,Platinum,64,62
Mr. Jeffrey Baldwin DDS,Cairo,Tennis,Professional,15185,Female,2,28,2022-11-14,Gold,57,74
Adrian Tate,Giza,Tennis,Junior,139,Female,9,15,2020-05-22,Gold,58,97
Nancy Smith,Alexandria,Swimming,Junior,1153,Male,10,18,2022-12-09,Platinum,63,100
Kimberly Green,Cairo,Football,Professional,14765,Female,7,23,2021-10-25,VIP,50,71
Ashley Palmer,Luxor,Volleyball,Captain,30402,Male,0,36,2023-04-25,Gold,94,78
Stephen Atkins,Luxor,Football,Amateur,2394,Female,0,18,2024-10-29,Standard,78,92
Sharon Davis,Hurghada,Football,Junior,777,Female,1,18,2022-09-24,VIP,87,87
Adam Pacheco,Cairo,Tennis,Semi-Pro,9382,Male,4,29,2020-09-26,Platinum,79,67
Kathleen Swanson,Aswan,Basketball,Junior,1620,Female,13,14,2025-01-23,Platinum,71,89
Jeremiah Smith,Giza,Tennis,Junior,2269,Female,0,16,2023-06-23,Standard,91,78
Adam Webb,Alexandria,Volleyball,Semi-Pro,7866,Female,7,29,2023-07-28,VIP,72,70
Charles Baird,Hurghada,Football,Amateur,2920,Female,5,20,2022-04-03,Standard,83,85
Melvin Peters,Giza,Volleyball,Captain,27584,Male,7,24,2025-09-12,VIP,59,76
Sandra Hernandez,Aswan,Basketball,Captain,29379,Female,6,30,2023-02-25,Gold,83,75
Christopher Richardson,Hurghada,Tennis,Amateur,4087,Female,12,22,2023-11-09,VIP,51,64
Erin Lynch,Giza,Football,Professional,16205,Female,14,36,2020-03-04,Gold,100,60
Hector Evans,Hurghada,Basketball,Semi-Pro,6239,Female,12,25,2025-01-10,Platinum,70,62
Debbie Odom MD,Aswan,Swimming,Professional,14739,Male,7,31,2025-02-17,Platinum,62,82
Terri Vaughan,Alexandria,Football,Professional,17958,Male,14,23,2021-12-24,Gold,54,72
Christopher Ferrell,Hurghada,Swimming,Professional,17350,Male,13,27,2021-06-29,Standard,95,100
Pamela Robinson,Cairo,Football,Professional,17360,Female,12,29,2021-07-25,Platinum,83,70
Jamie Gallegos,Alexandria,Squash,Junior,2490,Male,2,15,2020-12-25,VIP,93,64
Jamie Torres,Giza,Volleyball,Amateur,3016,Female,13,18,2024-04-05,VIP,87,69
Roberta Evans,Giza,Volleyball,Amateur,3906,Male,12,25,2020-11-29,Gold,92,61
Timothy Cameron,Hurghada,Football,Junior,2298,Male,5,18,2023-02-27,Platinum,87,71
Shane Hughes,Hurghada,Volleyball,Professional,16762,Female,7,28,2022-09-08,Standard,97,75
Chelsea Atkinson,Aswan,Basketball,Junior,600,Male,6,19,2024-11-07,Standard,50,77
Debra Little,Aswan,Tennis,Captain,30893,Male,4,26,2025-03-31,VIP,97,84
Jonathan Hernandez,Luxor,Tennis,Junior,3590,Male,0,14,2020-11-01,Gold,71,88
Dana Schmidt,Luxor,Basketball,Captain,28490,Male,3,29,2025-09-08,Gold,50,84
Alexander Olson,Hurghada,Volleyball,Semi-Pro,7657,Female,6,33,2024-06-23,VIP,90,96
Donald Wheeler,Alexandria,Football,Junior,3017,Male,10,16,2022-07-24,Platinum,56,69
Joseph Thompson,Aswan,Tennis,Semi-Pro,8649,Male,2,35,2022-12-30,Standard,100,61
Chad Garcia,Cairo,Squash,Semi-Pro,9162,Female,4,33,2025-06-19,Platinum,63,96
Tina Dorsey DDS,Alexandria,Basketball,Professional,15237,Male,11,24,2025-04-09,Standard,83,98
Melissa Wilson,Hurghada,Squash,Semi-Pro,9582,Female,0,30,2023-05-31,VIP,62,88
Dana Stuart,Luxor,Swimming,Semi-Pro,9514,Male,2,24,2024-11-29,Platinum,83,90
William Flynn,Hurghada,Football,Junior,785,Male,0,14,2024-04-27,Platinum,98,73
Michael Valentine,Cairo,Swimming,Captain,30741,Female,15,38,2022-03-06,VIP,58,99
Mary Luna,Alexandria,Basketball,Captain,27459,Male,9,28,2020-01-16,Gold,77,64
Jose Torres,Luxor,Squash,Captain,28852,Female,10,33,2023-03-27,Standard,51,64
Steven Henry,Luxor,Basketball,Junior,3550,Male,2,18,2023-04-19,VIP,67,80
Ann Gonzalez,Luxor,Basketball,Semi-Pro,7990,Female,15,26,2024-02-24,VIP,58,91
Darren Rosario,Alexandria,Swimming,Semi-Pro,8109,Male,3,23,2022-04-23,Gold,67,61
Brandy Cochran MD,Luxor,Football,Amateur,5549,Male,12,24,2024-05-24,Gold,71,76
Natasha Aguilar,Alexandria,Football,Amateur,3211,Male,15,21,2024-05-16,Gold,69,85
Rachel Taylor,Hurghada,Basketball,Semi-Pro,9328,Female,4,35,2021-03-03,VIP,97,87
Jocelyn Carter,Aswan,Swimming,Captain,30692,Female,5,22,2024-12-06,VIP,72,100
Dakota Parrish,Alexandria,Squash,Amateur,5511,Male,10,18,2025-08-12,Platinum,95,75
Joshua Knight,Aswan,Squash,Junior,1844,Female,12,15,2024-11-23,Platinum,52,89
Sarah Bonilla,Alexandria,Swimming,Semi-Pro,7634,Male,9,33,2025-03-13,Platinum,67,98
Christopher Lopez,Alexandria,Basketball,Amateur,3129,Female,8,19,2024-11-30,Standard,79,76
Gary Roberts,Hurghada,Tennis,Junior,433,Female,15,18,2021-12-04,Platinum,86,66
Clifford Kelly,Alexandria,Volleyball,Amateur,5104,Male,1,25,2021-08-31,Standard,53,98
Shari Johnson,Cairo,Squash,Semi-Pro,9319,Male,4,37,2020-07-11,VIP,78,60
Carolyn Jones,Hurghada,Swimming,Junior,3729,Female,1,16,2021-01-08,Standard,52,88
Michael Harvey,Giza,Swimming,Semi-Pro,9974,Female,1,24,2024-07-27,Platinum,56,66
Angela Schmitt,Luxor,Squash,Professional,14363,Female,9,38,2024-12-30,Platinum,65,80
William Hunt,Luxor,Squash,Junior,1522,Male,14,17,2022-03-16,Platinum,56,77
Bryan Williams,Aswan,Squash,Semi-Pro,7056,Female,6,26,2025-03-23,Gold,80,68
Jeremy Abbott,Hurghada,Tennis,Amateur,5480,Male,14,20,2023-08-03,Platinum,60,60
Donna Aguilar,Hurghada,Squash,Captain,29822,Female,15,23,2020-02-05,Gold,50,64
Jennifer Rivera,Giza,Volleyball,Semi-Pro,6100,Male,3,31,2020-10-19,VIP,73,64
Jerry Li,Aswan,Volleyball,Amateur,4819,Female,12,22,2025-09-16,Gold,79,77
Christina Mccormick,Aswan,Tennis,Semi-Pro,8070,Female,11,22,2024-04-02,Gold,72,78
Howard Shields,Cairo,Volleyball,Professional,16019,Female,1,28,2023-08-21,Platinum,80,71
Brian Nunez,Giza,Football,Junior,3282,Female,15,15,2024-08-24,Gold,74,100
Ryan Huang,Cairo,Basketball,Professional,15792,Female,15,26,2023-05-23,Standard,70,70
Todd Webb,Aswan,Basketball,Professional,15031,Male,6,38,2025-02-08,VIP,69,87
Karen Colon,Luxor,Basketball,Junior,3881,Male,10,17,2020-07-22,Platinum,76,77
Kristen Burns,Giza,Football,Semi-Pro,9682,Female,4,24,2024-04-09,Standard,77,60
Erin Kim,Giza,Volleyball,Professional,14797,Male,2,28,2022-03-14,Gold,65,90
Jason Simpson,Hurghada,Volleyball,Junior,1732,Male,0,16,2024-08-30,Platinum,93,78
Emily Baker,Alexandria,Football,Captain,30559,Male,8,22,2021-08-02,Platinum,90,84
Thomas Turner,Giza,Basketball,Semi-Pro,6307,Female,1,25,2022-09-12,Gold,97,70
Deborah Parrish,Hurghada,Volleyball,Amateur,2926,Male,6,23,2021-06-11,Standard,50,60
Melissa Hart,Hurghada,Football,Junior,1454,Male,0,18,2022-12-12,Platinum,91,85
Kevin Baker,Giza,Football,Semi-Pro,6621,Male,7,28,2021-11-12,Gold,78,85
Albert Leon,Hurghada,Basketball,Professional,14264,Male,12,31,2020-10-11,Platinum,80,63
Katrina Lopez,Giza,Football,Junior,1041,Male,14,18,2021-07-29,Platinum,69,72
Susan Carter,Luxor,Football,Semi-Pro,8612,Female,1,37,2024-01-24,Platinum,67,98
Cassandra Terry,Hurghada,Tennis,Amateur,2757,Male,8,24,2020-09-06,Gold,73,98
Nancy Lowe,Alexandria,Basketball,Captain,30136,Male,15,22,2023-10-01,Standard,80,63
Brett Leblanc,Hurghada,Squash,Junior,3860,Male,7,14,2025-09-27,Standard,85,93
Jason Richardson,Giza,Squash,Captain,28495,Male,5,27,2020-08-22,Gold,93,79
Ashley Peterson,Hurghada,Volleyball,Captain,28600,Male,14,29,2024-02-09,Platinum,96,64
Elizabeth Perez,Aswan,Squash,Captain,30107,Male,13,38,2021-04-10,VIP,65,63
Melissa Abbott,Giza,Football,Junior,442,Female,14,19,2021-07-18,VIP,72,86
Susan Snyder,Luxor,Football,Professional,16290,Male,4,27,2021-11-05,VIP,69,93
Audrey Garcia,Cairo,Football,Captain,30329,Female,9,23,2022-02-13,Standard,65,86
Thomas Mayer,Aswan,Tennis,Captain,28420,Male,9,28,2023-11-16,Gold,95,96
Howard Garcia,Aswan,Swimming,Junior,3261,Female,1,14,2023-11-19,VIP,80,85
Natalie Ingram,Alexandria,Football,Professional,17441,Male,8,38,2024-02-07,Gold,55,83
Brian Evans,Aswan,Swimming,Amateur,3019,Male,7,20,2025-08-15,Gold,79,64
Melissa Hopkins,Cairo,Tennis,Professional,17675,Female,15,29,2020-09-20,Standard,66,78
Cindy Lambert DDS,Hurghada,Basketball,Semi-Pro,7618,Female,11,32,2021-01-25,VIP,71,91
Robert Novak,Cairo,Volleyball,Semi-Pro,7427,Female,8,23,2024-03-05,Gold,98,79
Lisa Nelson,Hurghada,Swimming,Semi-Pro,8302,Female,1,33,2023-11-27,Platinum,83,84
Miss Christina Baker,Aswan,Basketball,Professional,14476,Male,0,24,2025-06-28,VIP,68,82
John Chambers,Luxor,Football,Captain,29654,Male,8,35,2025-03-22,Gold,61,80
Amanda Doyle,Aswan,Football,Junior,1332,Male,5,18,2020-11-27,Platinum,99,85
Jeanne Case,Hurghada,Football,Junior,625,Male,15,16,2024-12-20,Gold,99,93
Manuel Macdonald,Alexandria,Football,Junior,3764,Male,3,18,2020-08-17,Standard,75,77
Sarah Jensen,Aswan,Squash,Semi-Pro,9283,Male,10,30,2023-06-21,Gold,71,73
Danielle Copeland,Giza,Squash,Captain,30805,Female,3,25,2023-11-04,Standard,58,92
Scott Lewis,Alexandria,Volleyball,Amateur,5533,Male,13,20,2022-03-27,VIP,52,98
Sarah Roach,Giza,Tennis,Professional,17844,Male,15,25,2020-09-24,Platinum,62,70
Savannah Cook,Alexandria,Tennis,Semi-Pro,9618,Male,5,36,2023-05-19,Standard,81,98
Mrs. Christina Nelson DDS,Hurghada,Volleyball,Junior,537,Male,0,15,2025-01-10,Platinum,54,68
Madison Lee,Alexandria,Volleyball,Semi-Pro,9326,Male,9,32,2020-02-26,Standard,86,100
Kimberly Hall,Aswan,Swimming,Junior,160,Male,13,16,2024-03-18,Gold,99,79
Manuel Jennings II,Cairo,Squash,Semi-Pro,6449,Male,14,37,2025-11-09,VIP,64,64
Taylor Coffey,Alexandria,Squash,Captain,27712,Male,2,32,2025-01-30,VIP,56,88
Jennifer Dodson,Giza,Basketball,Junior,3210,Male,3,19,2023-03-22,VIP,82,66
Alex Calderon,Hurghada,Football,Captain,29366,Male,2,29,2021-12-22,Platinum,80,92
Drew Wallace,Luxor,Football,Semi-Pro,9902,Male,12,25,2021-04-04,Gold,64,64
Brittany Craig,Alexandria,Squash,Semi-Pro,6155,Male,14,24,2022-02-06,Platinum,95,82
Paul Delgado,Hurghada,Tennis,Professional,15216,Male,4,30,2020-09-21,Gold,78,61
Joseph Sanders DDS,Aswan,Swimming,Semi-Pro,7606,Male,10,22,2022-08-08,Platinum,83,72
Christopher Campbell,Hurghada,Tennis,Semi-Pro,7642,Male,14,26,2025-03-19,Platinum,100,70
Courtney Schultz,Alexandria,Volleyball,Captain,28888,Male,7,38,2020-06-01,Platinum,85,100
Sabrina Moore,Giza,Tennis,Amateur,5866,Male,7,20,2024-04-22,Platinum,51,84
Taylor Richardson,Cairo,Swimming,Junior,2884,Male,8,19,2024-09-26,Standard,51,61
John Johnson,Luxor,Tennis,Captain,28928,Male,12,28,2024-05-29,Platinum,68,92
Steven Holmes,Luxor,Swimming,Professional,16796,Female,2,25,2023-12-08,VIP,54,83
Natalie Willis,Alexandria,Tennis,Captain,28349,Male,4,31,2022-12-23,VIP,98,92
Tristan Foster,Alexandria,Squash,Junior,2786,Male,4,14,2022-07-02,Gold,94,83
Lawrence Burns,Aswan,Tennis,Captain,30909,Female,11,37,2022-04-15,Gold,62,78
Melinda Hines,Aswan,Swimming,Junior,2748,Male,15,16,2020-09-01,VIP,94,91
Logan Combs,Aswan,Basketball,Semi-Pro,6942,Male,2,32,2020-06-02,Gold,87,97
Lauren Mcdonald,Aswan,Football,Semi-Pro,8461,Female,10,25,2020-10-09,VIP,68,95
Laura Tucker,Aswan,Squash,Professional,15547,Female,10,30,2025-09-06,Platinum,75,73
Daniel Brown,Alexandria,Volleyball,Semi-Pro,7932,Female,7,27,2021-10-06,Standard,78,60
Sharon Mora,Cairo,Basketball,Junior,41,Male,9,17,2022-10-07,Gold,81,88
Amanda Burns,Cairo,Swimming,Amateur,4171,Female,9,24,2023-08-09,Gold,71,81
Mary Parks,Giza,Football,Amateur,2528,Female,15,18,2023-03-28,Platinum,90,84
Bobby Nash,Giza,Swimming,Semi-Pro,6749,Male,2,36,2024-07-24,VIP,90,69
Michael Jones,Giza,Football,Captain,28978,Female,7,38,2025-07-26,Gold,78,86
Steven Molina,Hurghada,Swimming,Semi-Pro,8371,Male,6,22,2021-08-06,Platinum,68,80
Eric Park,Giza,Tennis,Amateur,3203,Male,1,21,2025-11-11,Standard,96,98
Jessica Jordan,Cairo,Volleyball,Professional,15081,Male,3,23,2023-12-17,Standard,71,87
Tim Clark,Luxor,Volleyball,Semi-Pro,9102,Male,2,36,2020-08-04,VIP,66,61
Rodney Shaw,Luxor,Football,Semi-Pro,8192,Male,9,35,2025-02-28,Gold,70,72
Jay Adams,Cairo,Swimming,Professional,14764,Male,1,22,2023-09-05,Platinum,83,70
Samantha Young,Giza,Squash,Captain,29277,Female,9,34,2023-09-03,Standard,55,71
Michael Bryant,Aswan,Volleyball,Captain,29229,Female,15,35,2023-11-08,Platinum,81,66
Anna Bond,Cairo,Basketball,Semi-Pro,6778,Male,8,35,2021-04-28,Standard,95,67
Danny Deleon,Luxor,Squash,Amateur,4696,Female,5,20,2023-04-22,Standard,60,71
Robert Warren,Giza,Swimming,Professional,15956,Male,10,23,2021-10-19,Gold,72,82
Shawna Johnson,Hurghada,Swimming,Junior,3752,Female,13,16,2020-09-14,Gold,98,60
Jamie Everett,Luxor,Squash,Captain,29523,Male,6,22,2022-01-04,Standard,65,77
James Parks,Luxor,Tennis,Captain,30742,Female,8,38,2025-01-09,Platinum,63,72
Lonnie Kim,Cairo,Volleyball,Junior,469,Female,0,18,2023-01-04,Gold,78,86
Karen Lang,Luxor,Swimming,Amateur,3371,Male,2,23,2022-12-12,VIP,79,86
Kenneth White,Luxor,Volleyball,Professional,14532,Male,6,22,2021-11-23,Platinum,85,60
Charles Hall,Cairo,Volleyball,Amateur,3981,Female,3,24,2024-08-30,VIP,96,91
Maria Hernandez,Giza,Football,Amateur,5812,Male,8,18,2025-07-23,Standard,82,66
Victor Brown,Cairo,Squash,Junior,2932,Male,11,17,2020-11-28,Gold,77,97
Victor Harvey,Aswan,Basketball,Semi-Pro,9053,Female,0,22,2024-09-27,Platinum,70,88
Andrew Sharp,Alexandria,Squash,Professional,17249,Male,3,27,2024-06-02,Platinum,83,92
Danielle Barnes,Aswan,Tennis,Junior,712,Male,8,19,2021-04-14,Standard,70,92
Thomas Brown,Luxor,Volleyball,Semi-Pro,6738,Female,4,24,2025-08-30,VIP,80,62
Olivia Martin,Luxor,Swimming,Semi-Pro,6993,Female,8,34,2025-02-28,VIP,89,75
Elizabeth Mckenzie,Alexandria,Football,Captain,29265,Female,8,30,2023-03-31,Platinum,87,93
Charles Roth,Hurghada,Squash,Captain,30610,Male,1,23,2022-10-07,Gold,68,91
Stephen Compton,Cairo,Squash,Professional,17890,Female,7,30,2022-06-28,Platinum,55,67
Mary Anderson,Aswan,Tennis,Junior,2869,Female,14,15,2023-01-28,VIP,97,74
Mrs. Cindy Turner,Aswan,Basketball,Amateur,5508,Male,9,21,2021-01-06,Platinum,70,94
Carrie Le,Giza,Basketball,Semi-Pro,9040,Male,8,22,2023-12-10,Gold,65,73
Joann Morgan,Luxor,Basketball,Amateur,3515,Female,14,25,2020-08-06,Gold,67,64
Randy James,Hurghada,Tennis,Semi-Pro,8572,Male,9,30,2024-05-12,Standard,88,62
Steven Jones MD,Alexandria,Squash,Junior,3788,Female,2,18,2023-03-15,Platinum,63,86
Anita Sutton,Giza,Basketball,Junior,2818,Male,0,16,2021-02-15,VIP,86,66
Hailey Jordan,Aswan,Squash,Professional,16172,Male,7,30,2020-02-24,VIP,60,65
David Miranda,Alexandria,Football,Junior,2397,Female,12,19,2022-09-18,Standard,52,100
Brittany Marshall,Cairo,Basketball,Semi-Pro,9331,Female,9,31,2023-10-25,Standard,78,98
David Gardner,Hurghada,Squash,Captain,28925,Male,1,36,2025-06-24,Gold,99,88
Mary Willis,Aswan,Tennis,Captain,28585,Male,2,37,2023-04-28,Gold,78,83
Mark Stevens,Aswan,Squash,Junior,3818,Female,13,17,2022-06-01,VIP,95,61
Robert Mann,Aswan,Swimming,Semi-Pro,7589,Male,12,29,2022-01-05,Standard,77,83
Alejandro Bishop,Hurghada,Tennis,Captain,28073,Female,5,35,2020-07-15,VIP,78,92
Tanya Williams,Hurghada,Swimming,Amateur,5736,Female,11,25,2021-12-18,VIP,74,63
Eric Jones,Alexandria,Basketball,Junior,1224,Male,9,15,2025-10-28,VIP,62,73
Angela Jones,Aswan,Football,Semi-Pro,7001,Female,10,37,2024-12-22,Gold,81,73
Michael Martin,Luxor,Football,Amateur,5561,Male,6,20,2020-05-25,VIP,60,75
Karen Kennedy,Alexandria,Volleyball,Junior,1487,Female,15,14,2023-10-21,VIP,95,88
Angela Myers,Giza,Tennis,Junior,3333,Female,14,14,2022-02-18,Platinum,61,82
Timothy Campbell,Aswan,Volleyball,Junior,1309,Female,3,19,2023-06-28,Gold,96,65
Danielle Lopez,Alexandria,Swimming,Amateur,3816,Female,0,20,2024-03-26,Gold,92,93
Cindy Johnson,Alexandria,Swimming,Professional,14777,Female,7,35,2021-09-24,Gold,70,64
Dalton Greene,Aswan,Swimming,Professional,14967,Female,10,27,2024-09-23,Gold,55,89
Olivia Rice,Giza,Basketball,Junior,1811,Male,11,16,2022-03-03,Platinum,96,87
Taylor Taylor,Aswan,Football,Amateur,2480,Female,6,21,2024-05-09,Platinum,51,75
Maria Pitts,Cairo,Swimming,Professional,16185,Male,1,31,2024-06-12,VIP,81,81
Kristina Martinez,Luxor,Football,Junior,3063,Male,7,16,2025-03-21,Gold,69,84
Kelly Davis,Luxor,Football,Professional,16732,Male,11,32,2025-03-09,VIP,80,68
Mark Anderson,Cairo,Swimming,Amateur,3132,Female,9,24,2025-04-24,Standard,100,97
Steven Gay,Aswan,Tennis,Semi-Pro,7188,Male,12,30,2025-07-07,Platinum,84,75
Michael Mcpherson,Luxor,Tennis,Amateur,3079,Female,1,24,2022-11-03,Gold,64,80
Justin Montoya,Hurghada,Swimming,Amateur,5277,Male,11,20,2025-05-05,Platinum,74,91
Andrew Williams,Luxor,Tennis,Junior,887,Female,7,14,2025-08-14,Platinum,73,90
Mark Wilson,Hurghada,Basketball,Semi-Pro,8697,Male,14,22,2020-02-20,Gold,88,87
James Patton,Aswan,Football,Captain,29903,Female,7,31,2024-10-07,Standard,91,83
Tami Thompson,Aswan,Football,Junior,2185,Male,2,16,2020-03-18,VIP,73,70
Melissa Hancock,Hurghada,Tennis,Captain,28305,Male,11,38,2022-06-24,Standard,62,89
Frances Lang,Giza,Squash,Amateur,2845,Female,14,25,2020-03-03,VIP,85,81
Mike Morris,Aswan,Swimming,Semi-Pro,8730,Male,2,31,2025-07-01,VIP,80,86
Kevin Lyons,Giza,Basketball,Amateur,5557,Male,9,25,2025-01-08,Platinum,50,95
Mary Davis,Aswan,Swimming,Semi-Pro,6558,Male,4,32,2023-01-21,Platinum,66,87
Kirsten Trujillo,Giza,Tennis,Professional,17892,Male,1,27,2022-10-20,Gold,51,91
Richard Cook,Hurghada,Tennis,Semi-Pro,8499,Female,8,34,2020-03-03,Gold,83,72
Sarah Adams,Alexandria,Squash,Captain,27322,Male,8,25,2024-01-02,VIP,54,84
Timothy Lopez,Aswan,Basketball,Semi-Pro,9671,Female,12,23,2023-10-22,Platinum,82,88
John Espinoza,Aswan,Tennis,Captain,30532,Male,8,32,2023-10-26,Gold,58,73
Amy Smith,Cairo,Squash,Junior,157,Male,8,15,2020-10-09,Standard,65,98
Laura Williams,Hurghada,Volleyball,Professional,17710,Male,8,24,2024-03-24,VIP,55,79
Melissa Johnson,Luxor,Tennis,Professional,15985,Female,2,38,2020-10-29,Standard,63,99
Brittney Davis,Luxor,Basketball,Semi-Pro,6519,Male,4,29,2024-08-20,Platinum,77,72
Rodney Alexander,Cairo,Tennis,Semi-Pro,8801,Female,5,24,2024-10-30,Platinum,50,95
Veronica Velazquez,Aswan,Swimming,Junior,3706,Female,12,15,2023-06-09,Platinum,67,64
Andrea Anthony,Giza,Tennis,Junior,3177,Male,14,15,2021-06-03,Standard,90,87
Valerie Johnson,Giza,Swimming,Amateur,3351,Female,7,24,2024-05-07,Gold,82,97
Erica Dorsey,Hurghada,Volleyball,Junior,1655,Female,10,18,2024-10-15,VIP,70,89
Patricia Oconnor,Cairo,Tennis,Semi-Pro,8709,Female,7,27,2024-07-19,Gold,57,66
Michael Lambert,Cairo,Football,Professional,16810,Male,6,22,2023-11-01,Platinum,90,73
Carla Stone,Cairo,Squash,Amateur,5129,Female,11,21,2025-11-17,VIP,97,75
Samantha Moore,Luxor,Squash,Semi-Pro,9520,Female,5,35,2024-02-03,Platinum,54,85
Jose Holmes,Luxor,Football,Junior,2683,Female,2,18,2024-02-15,Standard,84,81
William Foster,Giza,Swimming,Junior,2796,Female,3,16,2021-02-05,VIP,58,86
Lisa Sweeney,Luxor,Swimming,Amateur,3393,Male,5,24,2024-09-15,Gold,91,94
Tammy Vega,Cairo,Basketball,Junior,1408,Male,3,16,2025-02-27,Standard,54,100
Kayla Hurley,Giza,Squash,Semi-Pro,6463,Male,12,29,2023-10-27,VIP,100,65
Christine Cruz,Alexandria,Football,Professional,17883,Male,15,28,2022-03-31,Gold,59,90
Ashley Castro,Alexandria,Squash,Professional,17101,Male,6,32,2023-07-29,Platinum,96,62
William Butler,Cairo,Swimming,Professional,17967,Female,9,28,2021-07-05,Platinum,91,100
Shelly Fitzgerald,Luxor,Tennis,Amateur,3018,Female,3,23,2021-06-19,Platinum,69,64
Mary Smith,Aswan,Swimming,Semi-Pro,9954,Female,9,37,2020-01-18,Gold,58,80
Tyler Hernandez,Giza,Basketball,Semi-Pro,8478,Female,12,28,2023-05-25,VIP,83,78
Heather Wilson,Cairo,Volleyball,Semi-Pro,6205,Male,14,33,2025-02-20,Gold,53,92
John Williams,Giza,Volleyball,Semi-Pro,6749,Male,6,30,2020-12-04,VIP,83,71
Samuel Shaw,Luxor,Swimming,Junior,2196,Male,1,18,2020-11-12,Standard,80,76
Rachel Nelson,Aswan,Swimming,Captain,29725,Male,4,31,2023-05-30,Standard,55,78
Amanda Cameron,Alexandria,Football,Semi-Pro,8320,Male,12,27,2022-06-17,Gold,55,68
Adrienne Ortega,Alexandria,Tennis,Amateur,4192,Male,14,25,2022-10-14,Standard,55,91
Jennifer Henson,Giza,Football,Captain,28567,Male,9,24,2020-08-22,VIP,96,68
Damon Tucker,Alexandria,Football,Captain,27330,Male,6,33,2020-05-18,Platinum,93,62
Andrea Price,Giza,Squash,Professional,15120,Female,2,27,2023-07-20,Platinum,56,60
Sarah Russell,Cairo,Squash,Professional,15658,Female,15,38,2021-01-20,VIP,89,78
Carolyn Barron,Luxor,Football,Junior,215,Male,11,19,2022-09-16,Gold,94,91
Kelly Huerta,Giza,Basketball,Amateur,5130,Male,5,24,2024-06-23,Standard,58,73
Elizabeth Shaw,Hurghada,Swimming,Amateur,5085,Male,4,20,2025-05-23,Gold,74,80
Gavin Gibson,Cairo,Tennis,Professional,15909,Male,2,36,2024-01-26,Standard,69,84
Deborah Reese,Giza,Basketball,Junior,429,Male,6,14,2021-12-07,VIP,68,88
Alexandria Davis,Alexandria,Volleyball,Captain,29732,Female,0,29,2023-01-03,Standard,98,67
Meagan Williams,Aswan,Squash,Captain,29785,Male,13,30,2020-06-13,Standard,90,73
Matthew Horn,Aswan,Football,Amateur,3794,Male,6,20,2023-01-27,Standard,69,72
Aaron Tucker,Giza,Football,Professional,17090,Female,1,37,2020-10-25,Gold,84,88
Sarah Nelson,Hurghada,Football,Amateur,2855,Female,0,24,2024-10-27,VIP,63,60
Benjamin Baxter,Giza,Tennis,Professional,16173,Male,6,24,2021-03-17,Standard,67,70
Yvette King,Cairo,Squash,Amateur,5948,Male,0,25,2020-01-30,Gold,94,76
Jessica Solis,Hurghada,Basketball,Junior,1925,Female,13,19,2024-10-09,Standard,71,64
Jonathan Harris,Aswan,Tennis,Junior,3253,Male,7,17,2022-03-29,Platinum,91,92
Peter Garcia,Luxor,Football,Captain,27086,Male,7,26,2023-11-27,Standard,91,66
April Smith,Cairo,Basketball,Amateur,3645,Male,15,20,2022-05-05,VIP,93,80
Michele Watson,Alexandria,Football,Professional,14909,Female,14,28,2023-01-16,VIP,60,93
Thomas Carson,Hurghada,Basketball,Professional,15781,Male,2,30,2022-12-14,Gold,79,86
Jacqueline Diaz,Alexandria,Volleyball,Semi-Pro,8682,Male,15,22,2024-10-03,Platinum,84,99
Katrina Hughes,Luxor,Tennis,Junior,1796,Female,13,15,2023-06-05,Platinum,95,88
Claudia Gilbert,Alexandria,Squash,Junior,3031,Male,12,17,2021-06-24,Gold,78,78
Brianna Manning,Aswan,Basketball,Professional,15889,Male,3,28,2024-06-06,Gold,60,74
Cameron Hunter,Luxor,Football,Professional,17471,Male,11,35,2023-07-26,Platinum,58,75
Devin Perez,Giza,Tennis,Amateur,5762,Male,12,19,2021-12-01,Standard,50,76
Sarah Rodriguez,Giza,Volleyball,Amateur,5214,Male,7,25,2023-06-10,Platinum,80,64
William Mckinney,Luxor,Tennis,Amateur,4509,Female,6,25,2021-07-12,VIP,84,92
Linda Flores,Alexandria,Football,Amateur,5219,Male,2,18,2020-02-07,VIP,99,99
Nicholas Jones,Alexandria,Swimming,Junior,2794,Male,14,19,2024-08-08,Standard,77,76
Charles Waters,Giza,Swimming,Captain,29195,Female,14,35,2020-11-05,Gold,55,74
Allison Smith,Alexandria,Tennis,Captain,28284,Male,13,36,2025-10-11,Platinum,67,91
Erica Proctor,Hurghada,Basketball,Captain,28846,Male,7,26,2020-01-14,Gold,73,62
Tara Greer,Cairo,Swimming,Semi-Pro,8243,Female,9,23,2020-11-15,Standard,50,82
Rachel Mcdaniel,Giza,Squash,Professional,16160,Male,11,30,2024-10-09,Platinum,73,63
Kimberly Hancock,Cairo,Tennis,Semi-Pro,9645,Male,8,28,2020-11-30,VIP,65,99
Emily Gregory,Alexandria,Swimming,Captain,29511,Female,13,31,2021-11-22,VIP,82,75
Christina Rice,Aswan,Football,Junior,3319,Female,5,15,2023-07-23,Gold,92,88
Phillip Pratt,Aswan,Squash,Captain,30779,Female,1,22,2020-02-21,Gold,93,87
Felicia Miller,Cairo,Basketball,Captain,28563,Male,10,34,2021-02-18,VIP,80,100
Jill Guerrero,Hurghada,Football,Amateur,5906,Female,15,19,2024-03-21,Gold,99,93
Anthony Norman,Cairo,Football,Junior,2044,Female,1,14,2023-03-12,Platinum,100,91
Tyrone Becker,Luxor,Squash,Semi-Pro,8109,Male,1,28,2022-05-26,Gold,81,75
Michelle Kim,Luxor,Football,Semi-Pro,7695,Female,9,24,2022-03-30,Platinum,50,74
Tyler Martin,Luxor,Basketball,Amateur,5191,Male,9,18,2022-09-27,Gold,80,80
Beth Hawkins,Giza,Football,Junior,1130,Female,5,15,2023-11-27,Gold,84,72
Jason Callahan,Alexandria,Football,Professional,14265,Female,12,33,2022-06-12,Gold,54,78
James Walker,Giza,Basketball,Professional,15369,Female,5,31,2025-05-04,Standard,50,93
Maria Sanford,Hurghada,Tennis,Junior,2069,Male,14,18,2025-06-17,Gold,90,68
Brian Vargas,Cairo,Tennis,Amateur,5343,Male,13,22,2024-03-05,Gold,82,95
John Perez,Giza,Volleyball,Professional,15607,Female,11,24,2025-10-12,VIP,69,71
Laurie Walker,Giza,Basketball,Professional,16917,Male,0,38,2020-08-19,Standard,78,100
Thomas Ray,Luxor,Football,Amateur,2130,Male,0,20,2021-07-03,Standard,53,60
Heather Klein,Aswan,Swimming,Junior,821,Female,9,15,2020-09-03,Standard,95,81
Laura Austin,Cairo,Swimming,Amateur,4893,Female,9,22,2020-01-06,Standard,91,97
Angel Hall,Alexandria,Basketball,Captain,27962,Male,9,38,2021-08-18,Platinum,60,81
Maurice Patel,Luxor,Volleyball,Amateur,3320,Female,11,24,2023-09-26,Standard,70,85
Tiffany Christensen,Alexandria,Tennis,Professional,14584,Male,8,34,2020-10-29,Gold,67,79
Brian Robbins,Luxor,Tennis,Amateur,2852,Female,11,21,2021-10-09,Standard,51,60
David Smith,Alexandria,Basketball,Junior,2850,Female,8,19,2024-10-13,Gold,92,98
Kari Holt,Cairo,Tennis,Professional,16851,Male,4,33,2021-05-28,Standard,68,91
Susan Rivera,Giza,Squash,Amateur,3661,Female,10,24,2022-06-15,Gold,61,83
Jared King,Cairo,Volleyball,Professional,17729,Male,0,24,2022-03-26,VIP,84,80
Ronald Nichols,Luxor,Volleyball,Junior,2892,Male,14,17,2021-09-26,Standard,50,80
Susan Atkinson,Alexandria,Basketball,Captain,27609,Male,4,22,2022-08-25,Platinum,65,91
James Long,Aswan,Volleyball,Captain,28883,Male,2,30,2022-10-12,Platinum,64,98
Charles Ross,Aswan,Squash,Captain,29726,Female,10,29,2023-12-29,Standard,95,91
Michael Griffith,Hurghada,Football,Professional,14597,Male,1,31,2023-04-27,Standard,68,89
Evelyn Roach,Aswan,Swimming,Semi-Pro,6095,Male,7,34,2024-08-08,Gold,71,83
Henry Turner,Luxor,Swimming,Amateur,3947,Male,12,18,2020-04-14,Gold,85,60
Raymond George,Cairo,Football,Amateur,3121,Female,9,19,2021-04-25,Standard,91,79
Robin Massey,Alexandria,Football,Amateur,3969,Male,13,25,2025-05-10,Gold,81,76
Rebecca Robinson,Cairo,Basketball,Amateur,3417,Female,10,21,2024-01-29,Gold,86,80
Cathy Gordon,Luxor,Football,Semi-Pro,6582,Male,14,23,2021-04-28,VIP,84,92
Samantha Richardson,Giza,Swimming,Amateur,5190,Female,14,21,2020-06-24,Gold,61,72
Michael Dunn,Cairo,Swimming,Junior,2612,Female,14,18,2023-01-28,VIP,52,89
Jillian Osborn,Aswan,Tennis,Amateur,3420,Male,12,24,2025-10-25,Platinum,79,72
Jacqueline Sanders,Giza,Football,Amateur,2398,Female,7,19,2025-03-19,VIP,69,83
Matthew Carter,Cairo,Football,Junior,2524,Female,14,14,2023-04-19,Standard,75,80
Tyler Cole,Alexandria,Volleyball,Semi-Pro,8643,Male,11,26,2021-10-26,VIP,65,83
Larry Graves,Cairo,Volleyball,Semi-Pro,8620,Female,6,27,2025-03-30,Gold,59,89
Dennis Grimes,Giza,Volleyball,Professional,15919,Male,11,38,2022-03-05,Gold,91,71
Shannon Garcia,Cairo,Squash,Junior,488,Male,13,17,2025-08-14,Platinum,73,75
Natalie Byrd,Alexandria,Volleyball,Amateur,5701,Female,8,18,2020-02-08,VIP,63,62
Tina Garza,Luxor,Squash,Semi-Pro,7020,Male,10,30,2024-03-08,Platinum,84,73
Danielle Morrison,Hurghada,Squash,Amateur,4744,Male,5,18,2022-09-02,VIP,86,69
Briana Gonzalez,Aswan,Squash,Junior,418,Female,5,15,2023-04-21,Gold,59,98
Christopher Mitchell,Aswan,Swimming,Captain,30618,Female,7,22,2024-11-12,Standard,81,68
Linda Bender,Aswan,Squash,Amateur,2159,Male,13,21,2024-02-01,Gold,98,83
Tina Ritter,Giza,Swimming,Amateur,3860,Female,14,23,2024-02-19,Standard,72,92
Joan Walker,Giza,Tennis,Junior,1433,Male,4,16,2022-09-13,Platinum,54,69
Tonya Stokes,Luxor,Football,Amateur,5429,Female,13,21,2023-03-28,Gold,89,98
Randall Mathis,Hurghada,Swimming,Amateur,4637,Male,6,25,2022-09-09,Standard,93,97
Melanie Moore,Giza,Volleyball,Professional,15520,Female,4,35,2025-05-05,VIP,73,80
Mr. Michael Mills Jr.,Giza,Squash,Captain,30189,Male,10,26,2025-10-24,VIP,72,63
Amanda Huerta,Luxor,Tennis,Captain,27591,Male,2,27,2021-08-03,VIP,53,62
Michael Medina,Giza,Football,Professional,16977,Male,10,29,2023-03-22,VIP,54,98
Christopher David,Alexandria,Tennis,Semi-Pro,7943,Male,8,27,2022-06-13,Gold,63,91
Charles Herrera,Cairo,Volleyball,Junior,55,Male,6,17,2020-11-29,Platinum,77,62
Helen Newman,Cairo,Swimming,Professional,15062,Female,3,23,2025-10-16,Standard,57,72
Phillip Smith,Aswan,Squash,Captain,27997,Female,10,24,2023-11-13,Gold,60,61
Jonathan Acevedo DDS,Giza,Swimming,Semi-Pro,9096,Female,12,33,2022-10-11,Gold,72,92
David Thomas,Luxor,Basketball,Amateur,2738,Male,15,23,2021-03-24,VIP,90,91
Sharon Schmidt,Luxor,Volleyball,Amateur,3756,Male,8,23,2020-07-05,Standard,72,99
Jessica Mann,Aswan,Swimming,Professional,14706,Male,13,30,2023-04-19,Gold,92,82
Adrian Reyes,Hurghada,Basketball,Amateur,2513,Female,0,24,2020-07-25,Platinum,87,63
Nathan Hudson,Aswan,Tennis,Professional,14662,Female,0,32,2020-02-07,Gold,93,76
Joanne Garcia,Aswan,Squash,Amateur,4542,Female,13,19,2024-10-16,Platinum,84,74
Stephanie Green,Aswan,Swimming,Amateur,5344,Male,14,24,2023-10-11,Platinum,55,84
Brandy Stone,Aswan,Football,Junior,1025,Male,6,16,2020-12-02,Standard,56,87
Eddie Rosario,Luxor,Squash,Junior,1043,Female,14,18,2025-03-06,Standard,60,74
Cory Guerra,Hurghada,Football,Professional,14597,Female,8,29,2023-05-19,Platinum,65,73
Benjamin Carter,Hurghada,Basketball,Junior,3005,Female,2,19,2025-03-09,Standard,58,65
Michael Murray,Hurghada,Squash,Semi-Pro,6545,Male,1,27,2021-07-23,Standard,54,74
William Dickerson,Luxor,Football,Professional,15691,Female,7,26,2023-08-17,Platinum,58,73
Brenda Howard,Luxor,Volleyball,Amateur,4134,Male,1,20,2023-06-13,VIP,93,87
Mary Underwood,Hurghada,Swimming,Semi-Pro,7855,Male,14,24,2025-07-05,Gold,93,74
Maureen Brown,Aswan,Tennis,Semi-Pro,7862,Male,11,25,2024-05-21,Standard,100,93
Kenneth Maldonado,Hurghada,Squash,Amateur,5495,Male,15,23,2021-04-29,Platinum,92,63
Sean Harrison,Alexandria,Squash,Professional,16366,Male,1,35,2020-07-31,Standard,75,68
Denise Cooke,Cairo,Volleyball,Captain,28149,Female,11,28,2020-11-19,VIP,50,70
Michael Newman,Giza,Football,Semi-Pro,6334,Male,9,38,2025-05-11,Standard,96,83
Emily Medina,Aswan,Swimming,Semi-Pro,9509,Male,8,28,2020-05-24,Platinum,55,82
David Hogan,Aswan,Volleyball,Captain,29826,Male,12,30,2025-04-29,Platinum,75,93
Susan Rodriguez,Alexandria,Swimming,Semi-Pro,6252,Male,4,35,2022-08-24,VIP,59,99
Michelle Turner,Aswan,Basketball,Semi-Pro,9542,Male,11,37,2025-07-21,Standard,87,72
Kelly Foster,Alexandria,Volleyball,Junior,3823,Male,5,14,2023-04-13,Standard,51,62
Michael Diaz,Giza,Football,Captain,30599,Female,11,34,2024-07-03,VIP,64,64
Todd Dickerson,Hurghada,Basketball,Amateur,4298,Male,12,24,2023-04-18,Standard,56,68
Kevin Snyder,Giza,Volleyball,Amateur,2370,Male,0,20,2025-07-14,Gold,60,85
Ricky Johnson,Cairo,Volleyball,Amateur,5285,Female,4,24,2021-09-12,Standard,79,97
Sean Delgado,Giza,Football,Amateur,3112,Male,14,23,2025-10-10,Gold,94,68
Jessica Wilson,Luxor,Football,Semi-Pro,7194,Female,1,26,2021-08-28,Platinum,52,97
Christopher Morris DDS,Hurghada,Tennis,Captain,27419,Female,9,24,2025-03-19,Platinum,68,98
Logan Perry,Giza,Basketball,Captain,27189,Female,1,32,2021-02-24,VIP,74,82
Tyrone Stanley,Aswan,Basketball,Amateur,4802,Female,3,20,2025-01-05,Gold,74,88
Donna Mcbride,Hurghada,Volleyball,Amateur,2914,Male,2,20,2022-10-06,Standard,96,100
Cameron Smith,Hurghada,Squash,Junior,3324,Male,14,17,2021-02-16,Platinum,52,73
Timothy Martinez,Alexandria,Volleyball,Captain,29483,Male,10,29,2025-04-01,Platinum,88,73
Philip Hughes,Alexandria,Football,Amateur,3246,Male,0,25,2025-01-03,Gold,66,69
Eric Gonzalez,Luxor,Swimming,Junior,1354,Female,2,16,2022-08-03,VIP,96,90
Robert Martin,Alexandria,Swimming,Captain,30996,Female,7,33,2024-07-31,Platinum,83,71
Alexandria Wade,Alexandria,Swimming,Junior,2286,Male,5,17,2020-01-12,VIP,83,97
Adam Pittman,Alexandria,Football,Amateur,2082,Male,0,23,2024-11-26,Standard,95,72
Jeffrey Garcia,Giza,Football,Professional,15656,Female,7,28,2023-09-04,VIP,62,90
Alex Jenkins,Alexandria,Swimming,Professional,17475,Female,0,29,2025-09-11,Standard,64,78
Brianna Ray,Giza,Football,Semi-Pro,7542,Female,5,37,2023-05-14,VIP,94,82
Karen Blake,Luxor,Football,Semi-Pro,9114,Male,8,36,2020-02-13,VIP,84,87
Carolyn Day,Luxor,Squash,Captain,29032,Male,1,34,2024-12-24,Standard,95,61
Stacy Douglas,Giza,Tennis,Amateur,5085,Female,10,23,2025-04-30,Platinum,83,98
Barry Ramos,Aswan,Football,Semi-Pro,7180,Male,9,24,2025-04-19,Gold,70,96
Kim Meyer,Hurghada,Volleyball,Semi-Pro,7147,Female,1,35,2023-06-07,Platinum,80,71
Tracy Jenkins,Giza,Tennis,Junior,2491,Female,7,15,2020-09-06,VIP,97,89
Mary King,Cairo,Swimming,Semi-Pro,6266,Male,15,27,2022-05-06,Platinum,99,94
Cody Young,Giza,Volleyball,Professional,15564,Male,7,35,2021-10-27,VIP,77,72
Sandra Gaines,Giza,Football,Amateur,3138,Male,6,22,2025-05-08,Gold,64,66
Erik Reynolds DDS,Cairo,Squash,Captain,28603,Male,11,29,2023-06-10,Gold,92,94
Linda Ramos,Aswan,Swimming,Captain,30095,Female,4,28,2023-12-25,Standard,57,90
Aaron Williams,Giza,Tennis,Professional,17293,Male,8,27,2021-12-07,VIP,77,73
Joseph Burke,Luxor,Football,Semi-Pro,6185,Male,7,29,2022-10-31,Standard,75,74
Curtis Morgan,Cairo,Basketball,Amateur,3207,Female,9,18,2024-03-10,Platinum,86,86
Jessica Castaneda,Cairo,Squash,Captain,30554,Female,15,29,2024-04-20,Platinum,68,84
Walter Grant,Luxor,Tennis,Professional,14885,Male,5,26,2022-11-05,Gold,91,95
Cynthia Garrison,Aswan,Volleyball,Professional,14186,Female,4,23,2023-02-14,Gold,75,94
Anna Smith,Alexandria,Squash,Junior,927,Female,2,19,2023-02-16,Platinum,55,79
Virginia Erickson,Hurghada,Tennis,Professional,16083,Female,2,31,2023-12-31,Standard,66,64
Alfred Sanchez,Alexandria,Volleyball,Semi-Pro,7667,Female,1,35,2025-01-11,Standard,66,63
Sarah Hernandez,Luxor,Basketball,Amateur,5135,Male,5,24,2025-09-16,Gold,56,93
Regina Diaz,Alexandria,Tennis,Amateur,2289,Male,7,20,2023-05-29,Platinum,74,72
Sarah Dawson,Aswan,Basketball,Semi-Pro,8307,Female,12,23,2021-02-13,Platinum,57,87
James Edwards,Hurghada,Tennis,Captain,29434,Female,2,28,2022-07-12,Gold,77,60
Mario Kelley,Aswan,Tennis,Junior,1179,Female,13,14,2021-08-29,Standard,93,62
Evan Warner,Hurghada,Football,Amateur,3760,Male,13,23,2025-10-25,VIP,96,92
Tiffany Hobbs,Alexandria,Volleyball,Professional,14299,Male,0,35,2024-03-09,Platinum,85,77
Jessica Hayes,Hurghada,Football,Professional,14967,Female,7,27,2025-04-02,Platinum,66,76
Matthew Gutierrez,Giza,Football,Amateur,2133,Male,6,23,2022-10-02,Platinum,95,79
Julia Hensley,Hurghada,Tennis,Junior,1709,Female,0,19,2021-06-17,Gold,95,65
Matthew Kent,Giza,Squash,Professional,14183,Male,14,26,2023-01-02,VIP,98,72
Thomas Edwards,Aswan,Football,Semi-Pro,8983,Male,12,22,2021-09-10,Gold,60,63
Holly Walters,Hurghada,Squash,Junior,2877,Male,15,18,2022-06-09,Standard,79,81
Gregory Lester,Giza,Basketball,Semi-Pro,8101,Female,8,29,2020-05-22,Standard,53,77
Darryl Brown,Aswan,Volleyball,Captain,28928,Male,2,33,2024-03-07,Gold,73,67
Jeremy Ferguson,Alexandria,Swimming,Professional,14654,Female,2,38,2023-12-21,Gold,90,74
Kelsey Fisher,Hurghada,Tennis,Amateur,3277,Male,4,20,2021-06-16,Platinum,61,64
James Brady,Giza,Basketball,Junior,1619,Female,2,18,2025-09-13,VIP,72,89
Sandra Thomas,Alexandria,Squash,Amateur,5859,Male,6,21,2024-10-07,VIP,100,93
Andrea Johnson,Giza,Basketball,Semi-Pro,7360,Male,12,30,2022-05-17,Gold,70,94
Louis Hodge,Luxor,Volleyball,Amateur,2650,Male,14,21,2024-02-12,Platinum,85,81
Ryan Crawford,Giza,Football,Amateur,5068,Male,0,25,2024-02-05,Gold,91,100
Nathan Cortez,Alexandria,Swimming,Junior,2503,Male,12,16,2024-08-29,Platinum,54,62
Jessica Riley,Luxor,Football,Semi-Pro,9154,Female,1,22,2022-09-14,Gold,59,71
Matthew Barnes MD,Alexandria,Volleyball,Amateur,3356,Male,3,23,2024-09-23,Platinum,96,73
Dawn Gonzalez,Aswan,Squash,Captain,29560,Female,15,26,2023-10-28,Gold,76,69
Carly Miller,Alexandria,Basketball,Semi-Pro,7194,Female,15,24,2024-02-08,VIP,82,71
Troy Williams,Aswan,Tennis,Amateur,3597,Male,14,21,2021-12-29,Gold,52,90
Jennifer Robinson,Giza,Swimming,Amateur,2634,Male,13,25,2021-01-28,Gold,88,74
Jason Coleman,Alexandria,Squash,Amateur,3600,Female,5,24,2023-06-18,Standard,55,84
Richard Wiggins,Hurghada,Squash,Semi-Pro,7573,Male,0,38,2023-01-16,VIP,62,68
Stephanie Blair,Aswan,Swimming,Professional,17440,Male,3,30,2022-08-09,VIP,57,85
Tiffany Ruiz,Alexandria,Squash,Semi-Pro,8614,Male,13,35,2020-09-14,Standard,68,71
Paul Wood,Cairo,Basketball,Amateur,2580,Male,1,24,2021-10-29,Gold,82,72
Jennifer Weaver,Hurghada,Tennis,Junior,3698,Female,13,14,2021-12-10,Standard,79,71
Carl Sanchez,Luxor,Basketball,Junior,1212,Female,4,16,2025-09-28,Platinum,77,72
Alyssa Hansen,Cairo,Swimming,Semi-Pro,9990,Female,2,35,2020-02-04,VIP,60,91
Michelle Rogers,Aswan,Squash,Amateur,4133,Male,13,20,2025-04-18,Gold,65,93
Mark Johnson,Luxor,Volleyball,Semi-Pro,9652,Male,2,26,2020-04-07,Platinum,85,78
James Ritter II,Cairo,Swimming,Amateur,2448,Male,2,24,2022-11-10,Gold,52,96
Tommy Briggs,Luxor,Tennis,Junior,747,Female,10,14,2021-01-14,VIP,57,63
Christopher Humphrey,Luxor,Swimming,Junior,827,Female,14,14,2023-12-14,Standard,100,68
John Campbell,Giza,Tennis,Captain,29563,Male,0,36,2023-11-19,Standard,91,62
Eric Clark,Alexandria,Football,Semi-Pro,6678,Female,4,30,2024-11-03,Platinum,75,64
Linda Johnson,Hurghada,Squash,Professional,15622,Male,9,24,2020-06-23,Gold,72,79
Jason James,Luxor,Swimming,Captain,30450,Male,2,34,2023-04-10,Standard,51,85
Jerry Smith,Alexandria,Squash,Junior,3553,Female,3,14,2022-08-29,VIP,94,98
Reginald Taylor,Alexandria,Volleyball,Semi-Pro,7689,Male,9,25,2021-05-24,Standard,58,95
Jenny Marshall,Hurghada,Tennis,Professional,16726,Male,5,35,2025-11-08,VIP,84,74
Emma Martin,Hurghada,Swimming,Semi-Pro,9663,Male,0,37,2021-05-10,Gold,92,72
David Nelson,Alexandria,Football,Junior,2995,Female,14,19,2024-05-07,Platinum,75,63
Larry Hughes,Cairo,Swimming,Amateur,3073,Female,0,24,2024-02-09,Standard,81,83
Hannah Simon,Aswan,Squash,Captain,27085,Female,6,31,2025-03-13,Platinum,93,72
Billy Wilkerson,Alexandria,Tennis,Professional,14168,Male,12,38,2022-04-23,VIP,81,61
Brandon Robinson,Giza,Tennis,Captain,28445,Female,2,33,2023-06-04,Gold,72,95
Dana Mitchell,Alexandria,Football,Amateur,4159,Female,9,21,2023-03-18,VIP,81,82
Mark Adams,Luxor,Volleyball,Semi-Pro,8398,Female,7,35,2023-02-09,Standard,94,87
Mr. Mark Lozano DDS,Luxor,Swimming,Junior,78,Male,7,15,2025-11-28,Platinum,95,60
Elizabeth Holmes,Alexandria,Basketball,Captain,30858,Male,11,34,2024-07-27,Gold,57,80
Ryan Holmes,Aswan,Volleyball,Captain,30586,Male,10,33,2024-05-27,Gold,98,98
Cameron Adkins,Luxor,Basketball,Professional,14669,Female,0,29,2024-09-22,Platinum,70,80
Cheryl Cooke,Cairo,Squash,Professional,17260,Male,11,32,2020-12-13,Platinum,74,75
Lisa Gray,Hurghada,Volleyball,Professional,17993,Male,2,35,2024-09-03,Gold,87,60
Donald Bryant,Luxor,Basketball,Junior,87,Female,12,19,2021-06-03,VIP,81,76
Debra Carey,Luxor,Swimming,Professional,14368,Male,8,23,2022-01-30,Platinum,52,72
David Gonzalez,Luxor,Basketball,Junior,3009,Female,13,18,2021-03-10,Platinum,62,66
Eric Bond,Luxor,Football,Captain,27766,Male,10,26,2023-08-21,VIP,71,87
Nicolas Camacho,Luxor,Volleyball,Captain,29151,Female,12,28,2023-06-01,Platinum,60,70
Nicole Aguilar,Luxor,Basketball,Amateur,5670,Female,0,18,2025-01-02,Platinum,95,69
Michelle Roberts,Giza,Volleyball,Junior,1420,Male,10,14,2023-05-07,Gold,88,71
James Fletcher,Alexandria,Basketball,Semi-Pro,7725,Male,5,36,2024-07-01,Standard,72,91
Catherine Fox,Cairo,Squash,Professional,17363,Female,10,38,2020-02-08,VIP,69,80
Ryan Roberts,Alexandria,Swimming,Captain,28939,Male,12,29,2023-08-17,Gold,100,71
Justin Carpenter,Aswan,Football,Semi-Pro,6354,Male,10,35,2021-05-24,Gold,50,84
Anthony Hines,Cairo,Basketball,Amateur,2678,Male,11,22,2022-09-25,Standard,65,91
Michael Flowers,Giza,Squash,Amateur,2732,Female,6,18,2023-12-05,Platinum,73,79
Diane Nielsen,Giza,Tennis,Professional,16019,Female,1,35,2023-09-30,Gold,75,89
Alyssa Payne,Alexandria,Swimming,Semi-Pro,7503,Female,15,34,2022-08-14,VIP,70,82
Marie Davis,Giza,Swimming,Junior,3344,Female,15,19,2020-02-07,Standard,66,80
Rhonda Cardenas,Luxor,Football,Junior,514,Female,6,14,2021-06-09,VIP,99,78
Amanda Kerr,Cairo,Squash,Junior,362,Male,8,14,2020-10-20,VIP,56,92
Heather Murphy,Hurghada,Volleyball,Captain,29550,Male,0,32,2021-05-29,Platinum,74,84
Mr. Zachary Fleming,Alexandria,Football,Semi-Pro,7820,Male,2,36,2021-06-08,Standard,78,81
William Mitchell,Luxor,Tennis,Captain,29753,Female,6,25,2024-10-04,Standard,88,88
Megan Miller,Alexandria,Basketball,Captain,27548,Female,14,24,2023-11-05,Platinum,52,71
Jennifer Parrish,Giza,Tennis,Semi-Pro,6230,Male,2,38,2023-11-10,Platinum,75,88
Todd Hall,Luxor,Football,Amateur,5024,Female,2,22,2021-03-09,Standard,93,73
Jessica Martin,Cairo,Squash,Semi-Pro,8318,Male,10,36,2022-08-01,Platinum,67,83
Jeffrey Mcguire,Giza,Football,Junior,589,Male,13,14,2020-04-22,Platinum,59,66
Robert Harris MD,Luxor,Volleyball,Captain,29811,Female,11,36,2022-03-31,Platinum,72,75
Alicia Smith,Hurghada,Tennis,Semi-Pro,8697,Male,4,31,2024-03-06,Platinum,85,95
Jason Norman,Luxor,Basketball,Semi-Pro,6578,Male,13,28,2022-03-31,VIP,83,64
Jennifer Owen,Giza,Football,Semi-Pro,6666,Male,2,35,2025-08-10,Platinum,66,61
Kirsten Rollins,Luxor,Tennis,Captain,30734,Male,4,36,2021-10-31,Platinum,51,61
Jasmine Summers,Luxor,Squash,Professional,14371,Female,4,36,2023-05-17,VIP,100,99
Daniel Mccormick,Aswan,Tennis,Captain,28985,Female,13,28,2020-06-03,Standard,87,64
Laura Gomez,Aswan,Volleyball,Professional,14859,Female,3,36,2023-10-04,Standard,71,89
Denise George,Aswan,Volleyball,Captain,29696,Female,7,26,2022-01-04,Platinum,66,63
Rachel Pollard,Aswan,Tennis,Semi-Pro,6398,Female,8,26,2023-06-30,Platinum,83,62
Gina Garcia,Hurghada,Swimming,Junior,48,Female,3,15,2023-07-03,Platinum,84,94
Jennifer Doyle,Hurghada,Basketball,Captain,30624,Female,6,23,2022-04-25,VIP,83,94
Dawn Jones,Hurghada,Football,Professional,14667,Male,5,32,2024-10-03,Gold,64,82
Kathy Campbell,Hurghada,Tennis,Professional,14910,Female,0,33,2021-12-20,Platinum,85,65
Gregory Jones,Hurghada,Football,Professional,16286,Male,9,38,2024-04-18,Gold,84,95
Adrian Weaver,Cairo,Basketball,Professional,17650,Female,13,27,2023-11-13,Standard,83,79
Dennis Shaffer,Luxor,Basketball,Semi-Pro,6702,Female,4,30,2024-11-29,Platinum,55,87
Joseph Kim,Aswan,Basketball,Captain,30930,Male,13,29,2021-01-30,VIP,86,98
William Day,Luxor,Swimming,Amateur,2687,Male,14,20,2024-05-10,VIP,98,68
Jimmy Butler,Cairo,Volleyball,Amateur,4961,Male,11,22,2021-06-02,Platinum,83,92
Tiffany Fleming,Hurghada,Squash,Professional,17474,Male,14,22,2021-06-25,Platinum,63,80
Glenn Griffith,Hurghada,Basketball,Semi-Pro,9560,Male,1,36,2023-04-04,Gold,67,98
Samantha Miller,Giza,Squash,Amateur,4497,Male,10,20,2024-04-13,Platinum,63,90
Misty Williams,Aswan,Tennis,Captain,30076,Male,14,23,2025-02-09,Platinum,78,96
Darryl Frye,Aswan,Tennis,Professional,16943,Male,8,25,2024-09-21,Platinum,95,71
Brian Thomas,Aswan,Swimming,Amateur,2983,Male,9,18,2021-03-12,Standard,63,86
Glenda Walters,Aswan,Squash,Junior,479,Female,1,14,2021-10-16,Platinum,75,61
Kristine Morgan,Alexandria,Basketball,Professional,16716,Female,8,26,2023-03-31,Standard,99,98
Caitlin Green,Giza,Squash,Professional,17489,Male,11,36,2021-11-11,Standard,93,82
John Davis,Cairo,Swimming,Junior,2186,Male,9,14,2025-03-11,VIP,76,78
Casey Kelly,Alexandria,Tennis,Junior,1003,Male,15,15,2023-05-16,Gold,51,68
Jacob Yates,Alexandria,Swimming,Junior,1703,Female,8,15,2020-08-01,VIP,75,62
Chad Johnson,Luxor,Football,Professional,15234,Male,5,28,2021-02-25,VIP,65,77
Logan Vasquez,Hurghada,Football,Professional,17244,Female,3,35,2021-02-21,Platinum,91,84
Kevin Miller,Cairo,Swimming,Captain,29415,Male,10,38,2022-12-01,Platinum,67,87
Jason Yang,Aswan,Squash,Professional,15440,Male,13,32,2020-09-22,Standard,71,64
Tanner Hamilton,Luxor,Swimming,Semi-Pro,8613,Male,10,27,2024-04-18,Platinum,72,86
Matthew Tanner Jr.,Luxor,Football,Semi-Pro,9138,Female,0,28,2023-02-10,VIP,64,64
Mrs. Andrea Hernandez DDS,Aswan,Basketball,Junior,2610,Female,9,16,2023-08-20,Standard,66,84
Joshua Smith,Alexandria,Football,Captain,28193,Male,12,38,2023-12-08,Platinum,59,80
Christopher Welch,Alexandria,Tennis,Captain,28033,Male,3,27,2021-05-24,VIP,76,96
Andrea Keller,Giza,Volleyball,Captain,30685,Female,4,24,2021-11-12,Gold,54,89
Dana Hunter,Luxor,Basketball,Semi-Pro,6061,Male,3,31,2022-05-03,VIP,81,92
Dennis Pratt,Giza,Swimming,Semi-Pro,6654,Female,6,37,2022-11-30,Standard,96,90
Kenneth Johnson,Cairo,Basketball,Captain,29035,Female,9,30,2022-06-29,VIP,93,62
David Pearson,Hurghada,Basketball,Semi-Pro,8840,Female,7,32,2024-10-15,VIP,68,61
Frank Webster,Hurghada,Volleyball,Junior,1986,Male,2,15,2020-03-23,VIP,94,79
Sara Morris,Aswan,Tennis,Amateur,5675,Female,6,23,2020-10-10,VIP,77,81
Ryan Sanchez,Alexandria,Football,Captain,28759,Female,2,32,2024-12-02,Standard,96,94
Michael Hudson,Giza,Squash,Captain,27833,Male,13,35,2020-10-01,Gold,63,93
Kevin Jones,Aswan,Football,Junior,282,Male,3,17,2024-06-20,Standard,63,80
Daniel Grimes,Giza,Tennis,Captain,30345,Female,14,29,2024-04-13,VIP,78,72
Laura Jackson,Giza,Football,Junior,2465,Female,3,18,2021-09-07,VIP,57,74
David Cooper,Luxor,Football,Amateur,2294,Male,6,19,2025-07-17,Standard,75,62
Stephanie Horton,Cairo,Tennis,Professional,17825,Male,14,27,2024-02-04,Standard,80,100
Derek Bell,Hurghada,Squash,Junior,2040,Female,5,19,2023-04-15,VIP,64,63
Tammy Beltran,Hurghada,Swimming,Captain,30933,Female,4,32,2025-05-28,VIP,51,67
Miranda Rollins,Aswan,Swimming,Captain,27728,Male,11,24,2023-04-05,Platinum,81,95
Stacey Hamilton,Giza,Football,Amateur,5201,Female,11,18,2025-07-14,Gold,83,63
Robert Hernandez,Hurghada,Basketball,Junior,1138,Female,11,15,2022-06-13,Gold,67,99
Melissa Jones,Giza,Tennis,Captain,29270,Male,13,30,2025-10-24,Gold,83,84
Andrew Jackson,Alexandria,Football,Captain,30435,Female,13,37,2023-07-11,Standard,84,77
Margaret Hines,Hurghada,Volleyball,Professional,15073,Female,15,32,2021-02-12,VIP,77,90
Lisa Page,Luxor,Swimming,Amateur,2125,Male,9,19,2024-01-01,Platinum,84,87
Monica Mendez,Alexandria,Tennis,Amateur,3851,Male,7,19,2025-06-24,Platinum,61,74
Leslie Decker,Cairo,Football,Junior,769,Male,1,18,2022-07-07,Gold,78,85
Penny Hebert,Cairo,Squash,Captain,28731,Male,3,25,2024-08-25,Platinum,51,83
Jamie Jordan,Alexandria,Football,Professional,15765,Female,11,33,2021-05-13,Gold,87,95
Richard Freeman,Cairo,Basketball,Captain,27344,Male,1,27,2024-07-07,Standard,66,62
Stephen Gallagher,Giza,Swimming,Captain,27655,Male,13,35,2021-04-12,Gold,51,80
Kristopher Burns,Cairo,Squash,Junior,433,Male,9,15,2023-05-07,Standard,79,90
Danielle Smith,Alexandria,Swimming,Professional,16334,Male,13,23,2025-11-23,Standard,55,64
Mrs. Paula Saunders,Cairo,Swimming,Semi-Pro,7698,Female,5,32,2020-02-03,VIP,68,65
Nathan Landry,Luxor,Basketball,Captain,30631,Female,1,35,2022-12-04,VIP,98,80
Susan Perry,Aswan,Swimming,Professional,15218,Male,1,34,2020-01-04,Standard,81,95
Richard Brewer,Hurghada,Volleyball,Semi-Pro,6925,Female,11,22,2025-06-30,Gold,85,91
Emily Morrow,Aswan,Volleyball,Professional,16155,Male,15,23,2023-04-28,Standard,59,85
Amy Moon,Hurghada,Swimming,Amateur,4322,Male,8,22,2021-11-08,Standard,71,93
Nicole Jones,Aswan,Squash,Captain,28889,Female,8,36,2021-12-09,Platinum,69,60
Brooke Lopez,Hurghada,Football,Amateur,5801,Male,10,18,2025-02-15,VIP,81,97
Andrea Thomas,Aswan,Squash,Professional,16220,Female,1,35,2022-04-04,Platinum,59,86
Brent Malone,Cairo,Volleyball,Junior,3370,Male,4,17,2021-07-25,Gold,81,95
Denise Hill,Luxor,Tennis,Semi-Pro,8615,Female,13,36,2025-04-16,Platinum,56,84
Michael Gonzalez,Hurghada,Tennis,Junior,2792,Female,14,14,2025-11-28,Platinum,50,89
